{"count":1,"self":74.2925952,"total":76.178049899999991,"children":{"InitializeActuators":{"count":2,"self":0.00097589999999999992,"total":0.00097589999999999992,"children":null},"InitializeSensors":{"count":2,"self":0.0019533,"total":0.0019533,"children":null},"AgentSendState":{"count":11199,"self":0.13747299999999998,"total":0.15310949999999998,"children":{"CollectObservations":{"count":5600,"self":0.0058604,"total":0.0058604,"children":null},"WriteActionMask":{"count":5600,"self":0.0058687999999999995,"total":0.0058687999999999995,"children":null},"RequestDecision":{"count":5600,"self":0.0039073,"total":0.0039073,"children":null}}},"DecideAction":{"count":11199,"self":1.655595,"total":1.6845191,"children":{"RayPerceptionSensor.Perceive":{"count":16800,"self":0.028924099999999998,"total":0.028924099999999998,"children":null}}},"AgentAct":{"count":11199,"self":0.043920799999999996,"total":0.043920799999999996,"children":null}},"gauges":{"Fish1.CumulativeReward":{"count":95,"max":1599.39722,"min":-301.634064,"runningAverage":746.018066,"value":795.714233,"weightedAverage":793.6001}},"metadata":{"timer_format_version":"0.1.0","start_time_seconds":"1686500019","unity_version":"2021.3.11f1","command_line_arguments":"C:\\Users\\Diego\\Desktop\\Universidad\\TFG\\Builds\\Experimento3 - Peces\\Aquarium3DMLAgents.exe","communication_protocol_version":"1.5.0","com.unity.ml-agents_version":"2.0.1","scene_name":"finalScene","end_time_seconds":"1686500095"}}